{
  "version": 1,
  "author": "Divyashree G E",
  "editor": "wokwi",
  "parts": [
    { "type": "board-esp32-devkit-c-v4", "id": "esp", "top": 134.4, "left": -465.56, "attrs": {} },
    { "type": "wokwi-led", "id": "led1", "top": 226.8, "left": -169, "attrs": { "color": "red" } },
    { "type": "wokwi-dht22", "id": "dht1", "top": -114.9, "left": -139.8, "attrs": {} },
    {
      "type": "wokwi-resistor",
      "id": "r1",
      "top": 224.75,
      "left": -96,
      "attrs": { "value": "330" }
    },
    {
      "type": "wokwi-pushbutton",
      "id": "btn1",
      "top": 25.4,
      "left": -28.8,
      "attrs": { "color": "green", "xray": "1" }
    },
    {
      "type": "wokwi-led",
      "id": "led2",
      "top": 188.4,
      "left": -313,
      "attrs": { "color": "limegreen" }
    }
  ],
  "connections": [
    [ "esp:TX", "$serialMonitor:RX", "", [] ],
    [ "esp:RX", "$serialMonitor:TX", "", [] ],
    [ "esp:2", "led1:A", "green", [ "h52.84", "v19.2", "h48" ] ],
    [ "led1:C", "esp:GND.2", "green", [ "v0", "h-28.4", "v-115.2", "h-48", "v-9.6" ] ],
    [ "esp:3V3", "dht1:VCC", "green", [ "h-62.21", "v-48", "h192", "v38.4" ] ],
    [ "dht1:GND", "esp:GND.2", "black", [ "v0" ] ],
    [ "esp:15", "dht1:SDA", "green", [ "v0", "h24.04", "v28.8", "h96", "v-153.6", "h-38.4" ] ],
    [ "r1:1", "led1:A", "green", [ "v0" ] ],
    [ "r1:2", "esp:GND.2", "green", [ "v0" ] ],
    [ "btn1:1.l", "btn1:2.l", "green", [ "h0" ] ],
    [ "btn1:2.l", "esp:GND.2", "green", [ "h-28.8", "v77", "h-38.4", "v19.2", "h-268.8" ] ],
    [ "btn1:1.r", "btn1:2.r", "green", [ "v0" ] ],
    [ "esp:4", "btn1:2.r", "green", [ "h96", "v86.4", "h345.6", "v-316.8", "h-38.4" ] ],
    [ "led2:C", "esp:GND.2", "green", [ "v0", "h-38", "v-67.2" ] ],
    [ "led2:A", "esp:5", "green", [ "v0" ] ],
    [ "r1:1", "led2:A", "green", [ "v0" ] ]
  ],
  "dependencies": {}
}